INSERT INTO BIZ_USER (USER_ID, PHONE_NO, LOGIN_PWD, FIRST_NAME, LAST_NAME, STATUS, CREATED_BY, TIME_CREATED, UPDATED_BY, TIME_UPDATED)
VALUES (1, '1234567890', '$2a$08$xMi3ZfMvLLMgZEO8Wk8JGeny/oPamM/YhMnP0ZaT/.4gcn9.FgSmi', 'LeBron', 'James', 1, 1, NOW(), 1, NOW());

INSERT INTO CONF_ROLE (ROLE_ID, ROLE_NAME, STATUS, CREATED_BY, TIME_CREATED, UPDATED_BY, TIME_UPDATED) VALUES (1, 'Admin', 1, 1, NOW(), 1, NOW());
INSERT INTO CONF_ROLE (ROLE_ID, ROLE_NAME, STATUS, CREATED_BY, TIME_CREATED, UPDATED_BY, TIME_UPDATED) VALUES (2, 'User', 1, 1, NOW(), 1, NOW());

INSERT INTO MAP_USER_ROLE (USER_ID, ROLE_ID) VALUES (1, 1);

INSERT INTO CONF_PERMISSION (PERMISSION_ID, HTTP_METHOD, PERMISSION_URL, STATUS, CREATED_BY, TIME_CREATED, UPDATED_BY, TIME_UPDATED)
VALUES (1, 'GET', '/user/metadata', 1, 1, NOW(), 1, NOW());
INSERT INTO MAP_ROLE_PERMISSION (ROLE_ID, PERMISSION_ID) VALUES (1, 1);

INSERT INTO CONF_PERMISSION (PERMISSION_ID, HTTP_METHOD, PERMISSION_URL, STATUS, CREATED_BY, TIME_CREATED, UPDATED_BY, TIME_UPDATED)
VALUES (2, 'GET', '/user/users', 1, 1, NOW(), 1, NOW());
INSERT INTO MAP_ROLE_PERMISSION (ROLE_ID, PERMISSION_ID) VALUES (1, 2);

INSERT INTO CONF_PERMISSION (PERMISSION_ID, HTTP_METHOD, PERMISSION_URL, STATUS, CREATED_BY, TIME_CREATED, UPDATED_BY, TIME_UPDATED)
VALUES (3, 'GET', '/role/roles/all', 1, 1, NOW(), 1, NOW());
INSERT INTO MAP_ROLE_PERMISSION (ROLE_ID, PERMISSION_ID) VALUES (1, 3);

INSERT INTO CONF_PERMISSION (PERMISSION_ID, HTTP_METHOD, PERMISSION_URL, STATUS, CREATED_BY, TIME_CREATED, UPDATED_BY, TIME_UPDATED)
VALUES (4, 'GET', '/role/roles/{}', 1, 1, NOW(), 1, NOW());
INSERT INTO MAP_ROLE_PERMISSION (ROLE_ID, PERMISSION_ID) VALUES (1, 4);

INSERT INTO CONF_PERMISSION (PERMISSION_ID, HTTP_METHOD, PERMISSION_URL, STATUS, CREATED_BY, TIME_CREATED, UPDATED_BY, TIME_UPDATED)
VALUES (5, 'POST', '/role/roles/{}', 1, 1, NOW(), 1, NOW());
INSERT INTO MAP_ROLE_PERMISSION (ROLE_ID, PERMISSION_ID) VALUES (1, 5);

INSERT INTO CONF_PERMISSION (PERMISSION_ID, HTTP_METHOD, PERMISSION_URL, STATUS, CREATED_BY, TIME_CREATED, UPDATED_BY, TIME_UPDATED)
VALUES (6, 'GET', '/role/roles', 1, 1, NOW(), 1, NOW());
INSERT INTO MAP_ROLE_PERMISSION (ROLE_ID, PERMISSION_ID) VALUES (1, 6);

INSERT INTO CONF_PERMISSION (PERMISSION_ID, HTTP_METHOD, PERMISSION_URL, STATUS, CREATED_BY, TIME_CREATED, UPDATED_BY, TIME_UPDATED)
VALUES (7, 'POST', '/user/logout', 1, 1, NOW(), 1, NOW());
INSERT INTO MAP_ROLE_PERMISSION (ROLE_ID, PERMISSION_ID) VALUES (1, 7);

INSERT INTO CONF_PERMISSION (PERMISSION_ID, HTTP_METHOD, PERMISSION_URL, STATUS, CREATED_BY, TIME_CREATED, UPDATED_BY, TIME_UPDATED)
VALUES (8, 'GET', '/permission/permissions/all', 1, 1, NOW(), 1, NOW());
INSERT INTO MAP_ROLE_PERMISSION (ROLE_ID, PERMISSION_ID) VALUES (1, 8);

INSERT INTO CONF_PERMISSION (PERMISSION_ID, HTTP_METHOD, PERMISSION_URL, STATUS, CREATED_BY, TIME_CREATED, UPDATED_BY, TIME_UPDATED)
VALUES (9, 'GET', '/permission/permissions/{}', 1, 1, NOW(), 1, NOW());
INSERT INTO MAP_ROLE_PERMISSION (ROLE_ID, PERMISSION_ID) VALUES (1, 9);

INSERT INTO CONF_PERMISSION (PERMISSION_ID, HTTP_METHOD, PERMISSION_URL, STATUS, CREATED_BY, TIME_CREATED, UPDATED_BY, TIME_UPDATED)
VALUES (10, 'POST', '/permission/permissions/{}', 1, 1, NOW(), 1, NOW());
INSERT INTO MAP_ROLE_PERMISSION (ROLE_ID, PERMISSION_ID) VALUES (1, 10);

INSERT INTO CONF_PERMISSION (PERMISSION_ID, HTTP_METHOD, PERMISSION_URL, STATUS, CREATED_BY, TIME_CREATED, UPDATED_BY, TIME_UPDATED)
VALUES (11, 'GET', '/permission/permissions', 1, 1, NOW(), 1, NOW());
INSERT INTO MAP_ROLE_PERMISSION (ROLE_ID, PERMISSION_ID) VALUES (1, 11);

INSERT INTO CONF_PERMISSION (PERMISSION_ID, HTTP_METHOD, PERMISSION_URL, STATUS, CREATED_BY, TIME_CREATED, UPDATED_BY, TIME_UPDATED)
VALUES (12, 'POST', '/permission/cache', 1, 1, NOW(), 1, NOW());
INSERT INTO MAP_ROLE_PERMISSION (ROLE_ID, PERMISSION_ID) VALUES (1, 12);

INSERT INTO CONF_MENU (MENU_ID, MENU_TITLE, MENU_URL, PARENT_ID, STATUS, CREATED_BY, TIME_CREATED, UPDATED_BY, TIME_UPDATED)
VALUES (1, 'Dashboard', '/', 0, 1, 1, NOW(), 1, NOW());
INSERT INTO MAP_ROLE_MENU (ROLE_ID, MENU_ID) VALUES (1, 1);

INSERT INTO CONF_MENU (MENU_ID, MENU_TITLE, MENU_URL, PARENT_ID, STATUS, CREATED_BY, TIME_CREATED, UPDATED_BY, TIME_UPDATED)
VALUES (2, 'Backend Management', null, 0, 1, 1, NOW(), 1, NOW());
INSERT INTO MAP_ROLE_MENU (ROLE_ID, MENU_ID) VALUES (1, 2);

INSERT INTO CONF_MENU (MENU_ID, MENU_TITLE, MENU_URL, PARENT_ID, STATUS, CREATED_BY, TIME_CREATED, UPDATED_BY, TIME_UPDATED)
VALUES (3, 'User Management', '/backendMgmt/userMgmt', 2, 1, 1, NOW(), 1, NOW());
INSERT INTO MAP_ROLE_MENU (ROLE_ID, MENU_ID) VALUES (1, 3);

INSERT INTO CONF_MENU (MENU_ID, MENU_TITLE, MENU_URL, PARENT_ID, STATUS, CREATED_BY, TIME_CREATED, UPDATED_BY, TIME_UPDATED)
VALUES (4, 'Role Management', '/backendMgmt/roleMgmt', 2, 1, 1, NOW(), 1, NOW());
INSERT INTO MAP_ROLE_MENU (ROLE_ID, MENU_ID) VALUES (1, 4);

INSERT INTO CONF_MENU (MENU_ID, MENU_TITLE, MENU_URL, PARENT_ID, STATUS, CREATED_BY, TIME_CREATED, UPDATED_BY, TIME_UPDATED)
VALUES (5, 'Permission Management', '/backendMgmt/permissionMgmt', 2, 1, 1, NOW(), 1, NOW());
INSERT INTO MAP_ROLE_MENU (ROLE_ID, MENU_ID) VALUES (1, 5);
